{
  "project_info": {
    "project_number": "927805201862",
    "firebase_url": "https://carparkingapp-9792b.firebaseio.com",
    "project_id": "carparkingapp-9792b",
    "storage_bucket": "carparkingapp-9792b.appspot.com"
  },
  "client": [
    {
      "client_info": {
        "mobilesdk_app_id": "1:927805201862:android:4b461994425a92fff3e6c7",
        "android_client_info": {
          "package_name": "com.example.carparking"
        }
      },
      "oauth_client": [
        {
          "client_id": "927805201862-ldmnqlv212bopljtd8avpjrc9io5ip00.apps.googleusercontent.com",
          "client_type": 3
        }
      ],
      "api_key": [
        {
          "current_key": "AIzaSyBQ10X4rQxL3NOxhgKgOPoFnuP3NllTthc"
        }
      ],
      "services": {
        "appinvite_service": {
          "other_platform_oauth_client": [
            {
              "client_id": "927805201862-ldmnqlv212bopljtd8avpjrc9io5ip00.apps.googleusercontent.com",
              "client_type": 3
            }
          ]
        }
      }
    }
  ],
  "configuration_version": "1"
}